<?xml version="1.0" encoding="UTF-8"?>
<!DOCTYPE suite SYSTEM "http://testng.org/testng-1.0.dtd">
<suite name="Suite">
<listeners>
<listener class-name="Utilities.Listeners"/> 
 </listeners> 
  <test thread-count="5" name="Test">
  
  <parameter name="Browser" value="Firefox"> </parameter>
  <parameter name="URL" value="https://www.busonlineticket.com/booking/bus-tickets.aspx"> </parameter>
 
    <classes>
      <class name="TC.Execute"/>
    </classes>
  
  
  </test> <!-- Test -->
</suite> <!-- Suite -->
